<?xml version="1.0" encoding="utf-8"?>
<events xmlns:xsd="http://www.w3.org/2001/XMLSchema" xmlns:xsi='http://www.w3.org/2001/XMLSchema-instance'
	xsi:noNamespaceSchemaLocation="HyvaTietaa2017.xsd">
<event> 
	<date>2017-01-13</date>
	<name>Joulurauhan loppumisen päivä</name>
	<url>https://fi.wikipedia.org/wiki/Joulurauha</url>
	<description>Joulurauha on kristillisten maiden perinne, jonka mukaan juhlapyhien aikana on ponnisteltava tavallista enemmän yhteiskuntarauhan säilyttämiseksi. Kirjoittamattoman lain mukaisesti sotatoimet pyrittiin keskeyttämään ja rauhanajan rikkomuksista annetut tuomiot olivat ankarampia kuin muulloin.

Ruotsissa ja siihen kuuluneessa Suomessa aikoinaan voimassa olleiden lakien mukaan joulurauha oli voimassa 20 vuorokautta alkaen jouluaatosta ja päättyen nuutinpäivänä.

Perinne on alkanut 1300-luvulla ja kukoisti ennen kaikkea 1700-luvulla.

Vaikka joulurauhan julistuksessa uhkaillaan tavallista ankarammilla rangaistuksilla joulurauhan aikana tehdyistä rikkomuksista, joulurauhalla ei ole ollut vuoden 1889 jälkeen mitään oikeudellista merkitystä.</description>
</event>
<event>
	<date>2017-01-13</date>
	<name>Nuutinpäivä</name>
	<url>https://fi.wikipedia.org/wiki/Nuuttipukki</url>
</event>
<event>
	<date>2017-01-13</date>
	<name>Perjantai, 13. päivä</name>
	<url>https://fi.wikipedia.org/wiki/Perjantai_13.</url>
</event>
<event>
	<date>2017-01-23</date>
	<name>Blue Monday</name>
	<alternate_names>vuoden masentavin päivä</alternate_names>
	<url>https://en.wikipedia.org/wiki/Blue_Monday_%28date%29</url>
	<description>Vuoden synkimmän päivän titteli tulee yhdistelmästä, jonka muodostavat kylmät arktiset sääolot, joulun erääntyvät laskut ja liian kaukana oleva palkkapäivä.</description>
</event>
<event>
	<date>2017-02-05</date>
	<name>J. L. Runebergin päivä</name>
	<flag_day>1</flag_day>
	<age>213</age>
	<url>https://fi.wikipedia.org/wiki/Johan_Ludvig_Runeberg</url>
	<description>Johan Ludvig Runeberg (5. helmikuuta 1804 Pietarsaari - 6. toukokuuta 1877 Porvoo) oli Suomen kansallisrunoilija. Hän oli suomalainen ruotsinkielinen runoilija, kirjailija ja toimittaja, jonka tuotanto on hyvin isänmaallista. Hän on ollut arvostettu myös Ruotsissa ja hänen tuotantonsa vaikutti suuresti koko ruotsinkieliseen kirjallisuuteen.</description>
</event>
<event>
	<date>2017-02-06</date>
	<name>Saamelaisten kansallispäivä</name>
	<age>100</age>
	<url>https://fi.wikipedia.org/wiki/Saamelaisten_kansallisp%C3%A4iv%C3%A4</url>
	<description>Saamelaisten kansallispäiväksi on valittu 6. helmikuuta, sillä tuona päivänä vuonna 1917 Pohjoismaiden saamelaiset aloittivat valtionrajat ylittävän keskinäisen yhteistyön. Yhteistyöstä päätettiin Norjan Trondheimin saamelaiskokouksessa, joka oli ensimmäinen laatuaan. Saamelaisten poliittisen itsetietoisuuden katsotaan syntyneen tuohon aikaan. Virikkeenä oli maailmalla leviävä kansallisuusaate. Saamelaisten pyrkimyksenä oli ensisijaisesti säilyttää mahdollisuus perinteisiin elinkeinoihinsa.</description>
</event>
<event>
	<date>2017-02-11</date>
	<name>112-päivä</name>
	<url>http://www.112-paiva.fi/</url>
	<description>Tarkista palohälyttimen paristot.

112-päivä on valtakunnallinen hätänumeropäivä, jolloin puhutaan arjen turvallisuudesta ja siitä, miten jokainen voi osaltaan huolehtia turvallisuudesta. Tavoitteena on tehdä Suomesta Euroopan turvallisin maa.

Useilla paikkakunnilla järjestetään tapahtumia, joiden tavoitteena on kiinnittää ihmisten huomio vahinkojen ja onnettomuuksien ennaltaehkäisemiseen. Monet tapaturmat, tulipalot ja rikokset on vältettävissä suunnitelmallisella toiminnalla. Lisäksi 112-päivänä jaetaan tietoa ja opastetaan ihmisiä toimimaan oikein hätätilanteissa.

112-päivä muistuttaa tietysti myös hätänumerosta 112 ja siitä, että tämä numero toimii kaikissa EU-maissa. Hätänumeroon soittamisesta opastetaan: milloin on tärkeää soittaa ja missä tilanteissa kannattaa valita jokin toinen numero. Hätätilanteessa 112 numeroon soittamista ei kannata epäröidä!</description>
</event>
<event>
	<date>2017-02-14</date>
	<name>Ystävänpäivä</name>
	<url>https://fi.wikipedia.org/wiki/Yst%C3%A4v%C3%A4np%C3%A4iv%C3%A4</url>
	<description>Ystävänpäivänä ystäviä muistetaan postikorteilla tai muilla tervehdyksillä.

Ystävänpäivää on Suomessa vietetty 1980-luvulta lähtien. Suomen kalenteriin ystävänpäivä on merkitty vuonna 1987. Se on muodostunut toiseksi suosituimmaksi korttipäiväksi joulun jälkeen. Päivän tunnuksena tunnetaan kautta maailman punainen sydän. Suomessa sen huomasi ensimmäisenä Tampereen Sydänyhdistys, joka keksi 1980-luvun alussa yhdistää ”punaisten sydänten juhlan” markkinointikampanjaansa. Seuraavaksi aiheesta kiinnostui Suomen Punainen Risti, joka painatti ensimmäiset ystävänpäiväkortit.

Kansainvälisestä Valentinuksen päivästä poiketen suomalainen ystävänpäivä on yleisemmin ystävien muistamisen, ei vain rakastavaisten juhlapäivä.</description>
</event>
<event>
	<date>2017-02-28</date>
	<name>Kalevalan päivä</name>
	<flag_day>1</flag_day>
	<alternate_names>suomalaisen kulttuurin päivä</alternate_names>
	<age>182</age>
	<url>https://fi.wikipedia.org/wiki/Kalevalan_p%C3%A4iv%C3%A4</url>
	<description>Kalevalan päivä on suomalaisen kulttuurin päivä, jota vietetään Suomen kansalliseepoksen, Kalevalan kunniaksi. Kalevalan päivää vietetään 28. helmikuuta, koska Elias Lönnrot allekirjoitti ja päiväsi Kalevalan ensimmäisen version, ns. Vanhan Kalevalan esipuheen 28. helmikuuta 1835.</description>
</event>
<event>
	<date>2017-02-28</date>
	<name>Laskiaistiistai</name>
	<url>https://fi.wikipedia.org/wiki/Laskiaistiistai</url>
	<description>Laskiainen on katolisen kirkon kirkon kevätpaaston alkajaisjuhla. Suomessa sanaa käytetään nykyisin laskiaistiistaista.

Laskiaista vietetään seitsemän viikkoa ennen pääsiäistä. Siihen kuuluvia juhlapäiviä ovat laskiaissunnuntai sekä kaksi päivää myöhemmin oleva laskiaistiistai. Laskiaisen jälkeen alkaa paastonaika, joka loppuu vasta pääsiäisenä. Oleellista paastonajalle oli liharuokien pois jättäminen ruokavaliosta, johon myös useat laskiaiseen liittyvät termit viittaavat. Laskiaistiistain jälkeinen tuhkakeskiviikko aloittaa 40 päivää kestävä paastoamisen.</description>
</event>
<event>
	<date>2017-03-01</date>
	<name>Talvirenkaiden käyttöpakko päättyy</name>
	<url>http://www.autonrengasliitto.fi/?id=23</url>
	<description>Nastattomilla talvirenkailla saa ajaa milloin vain.</description>
</event>
<event>
	<date>2017-03-01</date>
	<name>Tuhkakeskiviikko</name>
	<url>http://evl.fi/Evkirja.nsf/ppFI?OpenPage&amp;id=0027</url>
	<description>Tuhkakeskiviikko (lat. dies cinerum) on läntisen kristikunnan kirkkovuodessa juhla, joka aloittaa pääsiäistä edeltävän 40 päivän paastonajan. Tuhkakeskiviikko on kirkkovuodessa laskiaissunnuntaita seuraava keskiviikko, joka samalla lopettaa paastoa edeltävän karnevaali- tai laskiaisajan. Paastonaika jatkuu tuhkakeskiviikosta pääsiäislauantaihin. Tuhkakeskiviikon ja pääsiäislauantain väliin jää, nämä päivät mukaan luettuina, 46 päivää, mutta paastopäivien lukumääräksi tulee 40, koska paastonajan sunnuntait ja palmusunnuntai eivät ole paastopäiviä. 40 päivän paastonaika muistuttaa Jeesuksen paastosta autiomaassa ennen hänen julkisen toimintansa alkua. Sen tarkoituksena on valmistaa kristittyjä pääsiäisen viettoon, auttaa heitä miettimään syntejään ja puutteitaan sekä tekemään niistä parannusta, kehottaen heitä samalla lähimmäisenrakkauden tekoihin.

Tuhkakeskiviikko on saanut nimensä lännen kirkossa 1000-luvulla alkaneesta tavasta sirotella paastonajan aluksi ylleen tuhkaa katumuksen ja parannuksen merkiksi. 1100-luvulla tuli tavaksi, että sirottelussa käytetty tuhka tehtiin polttamalla edellisen vuoden palmusunnuntaina siunatut palmunoksat.

Tuhkekeskiviikon tekstit ja rukoukset puhuvat parannuksesta ja katumuksesta, ja jumalanpalvelus on tämän teeman sävyttämä. Liturgisena värinä on violetti, katumuksen väri.</description>
</event>
<event>
	<date>2017-03-08</date>
	<name>Kansainvälinen naistenpäivä</name>
	<age>42</age>
	<url>https://fi.wikipedia.org/wiki/Naistenp%C3%A4iv%C3%A4</url>
	<description>Kansainvälistä naistenpäivää on vietetty 8. maaliskuuta 1900-luvun alkupuolelta lähtien. Vuonna 1975, jota vietettiin kansainvälisenä naisten vuotena, Yhdistyneet kansakunnat vahvisti päivän vieton, ja se sai samalla nimen ”Yhdistyneiden kansakuntien naisten oikeuksien ja kansainvälisen rauhan päivä”.</description>
</event>
<event>
	<date>2017-03-19</date>
	<name>Minna Canthin päivä</name>
	<flag_day>1</flag_day>
	<alternate_names>tasa-arvon päivä</alternate_names>
	<age>173</age>
	<url>https://fi.wikipedia.org/wiki/Minna_Canthin_p%C3%A4iv%C3%A4</url>
	<description>Minna Canth, alkujaan Ulrika Wilhelmina o.s. Johnson, (19. maaliskuuta 1844 Tampere - 12. toukokuuta 1897 Kuopio) oli suomalainen kirjailija. Canth on tunnetuimpia suomalaisia 1880- ja 1890-luvun realisteja, ja hän kirjoitti novelleja, romaaneja ja näytelmiä. Hän oli ensimmäinen merkittävä suomenkielinen näytelmäkirjailija Aleksis Kiven jälkeen, ja ensimmäinen suomenkielinen sanomalehtinainen. Canthia pidetään ensimmäisenä nykysuomalaisena kirjailijana. Kirjallisuuden alalla hän oli realismin uranuurtaja.

Ajatusmaailmaltaan Canth oli vapaamielinen nuorsuomalainen ja sosialisti. Hänestä tuli tärkeä eurooppalaisten aatteiden välittäjä. Canth edisti naisten asemaa uusien koulutusmahdollisuuksien avulla ja oli suomenkielisen koulutuksen pioneereja. Ennen kuolemaansa Canth vaikutti noin puolen tusinan kuopiolaiskoulun taustalla (mm. Yhteiskoulu ja Kauppakoulu).</description>
</event>
<event>
	<date>2017-03-20</date>
	<name>Kevätpäiväntasaus</name>
	<url>https://fi.wikipedia.org/wiki/Kev%C3%A4tp%C3%A4iv%C3%A4ntasaus</url>
	<description>Kevätpäiväntasaus eli kevättasaus on se hetki, jolloin Auringon keskipiste siirtyy eteläiseltä tähtitaivaalta pohjoiselle tähtitaivaalle, eli ylittää taivaanekvaattorin etelästä pohjoiseen. Syynä on Maan kiertoliike Auringon ympäri: ennen kevätpäiväntasausta eteläinen pallonpuolisko on kääntyneenä kohti Aurinkoa, kevättasauksen jälkeen taas pohjoinen pallonpuolisko.</description>
</event>
<event>
	<date>2017-03-22</date>
	<name>Maailman vesipäivä</name>
	<age>24</age>
	<url>https://fi.wikipedia.org/wiki/Maailman_vesip%C3%A4iv%C3%A4</url>
	<description>Maailman vesipäivä (engl. World Day for Water) on Yhdistyneiden kansakuntien julistama vuosipäivä, ja sitä on vietetty 22. maaliskuuta vuodesta 1993 alkaen. Päivää ehdotettiin aluksi Agenda 21:ssä 1992.</description>
</event>
<event>
	<date>2017-03-26</date>
	<name>Kesäaika alkaa</name>
	<url>https://fi.wikipedia.org/wiki/Kes%C3%A4aika</url>
	<description>Siirrä kelloja tunnilla eteenpäin klo 03

Kesäaika on laajalti käytetty järjestelmä virallisen paikallisen ajan siirtämiseksi eteenpäin, yleensä yhden tunnin verran kevät- ja kesäkuukausiksi.

Kesäaikajärjestelyn tarkoituksena on saada kesän ajan aamuinen valo vastaamaan paremmin aktiivisia valveillaolotunteja ja työskentelyaikoja kouluissa ja työpaikoilla. Kertyneet valoisat tunnit &quot;säästetään&quot; näin iltaan sen sijaan, että ne kuluisivat &quot;hukkaan&quot; ihmisten vielä nukkuessa. Suomessa kesäajalla ei ole yhtä suurta merkitystä kuin etelämpänä, koska Suomessa on kesällä varsin pitkät päivät, mutta keväisin ja syksyisin kesäaika säästää energiaa Suomessakin.</description>
</event>
<event>
	<date>2017-03-30</date>
	<name>Ahvenanmaan demilitarisoinnin juhlapäivä</name>
	<url>https://fi.wikipedia.org/wiki/Ahvenanmaa</url>
</event>
<event>
	<date>2017-04-01</date>
	<name>Aprillipäivä</name>
	<url>https://fi.wikipedia.org/wiki/Aprillip%C3%A4iv%C3%A4</url>
	<description>Aprillipäivä (latinan aprilis ja useiden nykykielten april tarkoittavat huhtikuuta) on joka vuosi 1. huhtikuuta. Silloin on tapana puijata leikkimielisesti ihmisiä. Useissa lehdissä julkaistaan jokin pilailumielessä kirjoitettu artikkeli.

Aprillipäivän perinteen sanotaan usein alkavan vuodesta 1582, jolloin Ranskassa siirryttiin gregoriaaniseen kalenteriin.

Wri hiippakunnissa vuosi laskettiin alkavaksi eri aikoina, ja että erot olivat merkittäviä. Suurista eroista aiheutui sekavuutta muun muassa sopimusten suhteen. Yhtenäistääkseen käytäntöä Kaarle IX lisäsi artiklan nro 42 julistukseen, jonka mukaisesti vuosi alkaa kaikkialla Ranskassa 1. tammikuuta. 

Kun uusi käytäntö kohdistui vain yhden merkkipäivän paikkaan, se antoi varmasti Ranskassa hyvät mahdollisuudet kiusoitella niitä, jotka eivät hyväksyneet uudistusta, ja narrata niitä, jotka eivät yksinkertaisesti tienneet siitä. Huijausperinne saattoi hyvin saada alkunsa aprillipäivän aikoihin pilailumielessä lähetetyistä uudenvuodenlahjoista tai kutsuista olemattomiin uudenvuodenjuhliin.</description>
</event>
<event>
	<date>2017-04-07</date>
	<name>Maailman terveyspäivä</name>
	<age>69</age>
	<url>https://en.wikipedia.org/wiki/World_Health_Day</url>
	<description>WHO:n peruskirjan (1948) vuosipäivä

Maailman terveyspäivällä halutaan muistaa YK:n alaisen Maailman terveysjärjestön toimintaa. Maailman terveyspäivinä on joka vuosi eri teema, joiden avulla parannetaan tietoisuutta terveysasioista kansallisella ja globaalilla tasolla.</description>
</event>
<event>
	<date>2017-04-09</date>
	<name>Elias Lönnrotin syntymäpäivä</name>
	<age>215</age>
	<url>https://fi.wikipedia.org/wiki/Elias_L%C3%B6nnrot</url>
	<description>Elias Lönnrot (9. huhtikuuta 1802 Sammatti - 19. maaliskuuta 1884 Sammatti) oli Suomen kansalliseepoksen, Kalevalan, ja Kantelettaren kokoaja, kielentutkija, lääkäri ja suomalaisen kasvitieteen uranuurtaja. Lönnrot oli suomen kielen uudistaja, useiden sanakirjojen toimittaja ja ensimmäisen suomenkielisen aikakauslehden kustantaja sekä toimittaja. Hän julkaisi useita kansaa valistavia terveydellisiä ja tieteellisiä julkaisuja.</description>
</event>
<event>
	<date>2017-04-09</date>
	<name>Kuntavaalit</name>
	<flag_day>1</flag_day>
	<url>http://www.vaalit.fi/fi/index/vaalit/kunnallisvaalit.html</url>
	<description>Kunnallisvaalit (myös kuntavaalit) ovat vaalit, joissa valitaan kuntien ja kaupunkien valtuustoihin valtuutetut ja varavaltuutetut. Suomessa kunnallisvaaleista säädetään perustuslaissa, kuntalaissa, vaalilaissa ja Ahvenanmaata koskien sen omassa lainsäädännössä.</description>
</event>
<event>
	<date>2017-04-09</date>
	<name>Mikael Agricolan päivä</name>
	<flag_day>1</flag_day>
	<alternate_names>suomen kielen päivä</alternate_names>
	<age>460</age>
	<url>https://fi.wikipedia.org/wiki/Mikael_Agricolan_p%C3%A4iv%C3%A4</url>
	<description>Mikael Agricola (s. noin 1510 Pernaja - 9. huhtikuuta 1557 Uusikirkko) oli Turun piispa ja uskonpuhdistaja, joka raamatunsuomennoksellaan kehitti pohjan suomen kirjakielelle, sekä kirjoitti ja käänsi ensimmäiset suomenkieliset painetut kirjat. Yhdeksän kirjaa, yhteensä noin 2400 sivua, vain 10 vuodessa julkaissut Agricola kustansi käännöstyönsä paljolti itse. Hän oli reformaatiokauden molempien johtohahmojen Erasmus Rotterdamilaisen ja Martti Lutherin oppilas. Agricolaa pidetään suomen kirjakielen ja suomenkielisen kirjallisuuden isänä.</description>
</event>
<event>
	<date>2017-04-10</date>
	<name>Maitomaanantai</name>
	<alternate_names>hiljaisen viikon maanantai; makkomaanantai; malkamaanantai</alternate_names>
	<url>http://evl.fi/Evkirja.nsf/ppFI?OpenPage&amp;id=0034</url>
	<description>Hiljainen viikko eli Suuri viikko (ort.) on pääsiäistä edeltävä viikko, joka alkaa palmusunnuntaista ja päättyy pääsiäiseen eli Kristuksen ylösnousemusjuhlaan. Maitomaanantai on tämän viikon maanantai.</description>
</event>
<event>
	<date>2017-04-11</date>
	<name>Tikkutiistai</name>
	<alternate_names>hiljaisen viikon tiistai</alternate_names>
	<url>http://evl.fi/Evkirja.nsf/ppFI?OpenPage&amp;id=0035</url>
	<description>Hiljainen viikko eli Suuri viikko (ort.) on pääsiäistä edeltävä viikko, joka alkaa palmusunnuntaista ja päättyy pääsiäiseen eli Kristuksen ylösnousemusjuhlaan. Tikkutiistai on tämän viikon tiistai.</description>
</event>
<event>
	<date>2017-04-12</date>
	<name>Kellokeskiviikko</name>
	<alternate_names>hiljaisen viikon keskiviikko</alternate_names>
	<url>http://evl.fi/Evkirja.nsf/ppFI?OpenPage&amp;id=0036</url>
	<description>Hiljainen viikko eli Suuri viikko (ort.) on pääsiäistä edeltävä viikko, joka alkaa palmusunnuntaista ja päättyy pääsiäiseen eli Kristuksen ylösnousemusjuhlaan. Kellokeskiviikko on tämän viikon keskiviikko.</description>
</event>
<event>
	<date>2017-04-13</date>
	<name>Kiirastorstai</name>
	<url>http://evl.fi/Evkirja.nsf/ppFI?OpenPage&amp;id=0037</url>
	<description>Hiljainen viikko eli Suuri viikko (ort.) on pääsiäistä edeltävä viikko, joka alkaa palmusunnuntaista ja päättyy pääsiäiseen eli Kristuksen ylösnousemusjuhlaan. Kiirastorstai on tämän viikon torstai. Sitä vietetään kristillisissä kirkoissa Jeesuksen viimeisen aterian muistopäivänä.</description>
</event>
<event>
	<date>2017-04-15</date>
	<name>Pääsiäislauantai</name>
	<alternate_names>hiljainen lauantai; lankalauantai</alternate_names>
	<url>http://evl.fi/Evkirja.nsf/ppFI?OpenPage&amp;id=0041</url>
	<description>Pääsiäinen on kristinuskon vuotuisjuhla, jota vietetään Jeesuksen ylösnousemuksen juhlana. Ylösnousemus on kristillisen uskon ydinkohtia, ja pääsiäinen kirkkovuoden vanhin ja tärkein juhla. Pääsiäistä edeltää hiljainen viikko, joka huipentuu pitkäperjantaihin, Jeesuksen ristiinnaulitsemisen päivään.

Pääsiäiseen liittyy useita keväisen luonnon heräävän elämän vertauskuvia. Näitä ovat muun muassa narsissit, rairuoho, keltaiset pääsiäistiput sekä kanit eli puput. Uutta elämää kuvaavat myös hiirenkorvalle puhkeavat koivunoksat ja pajunkissat. Muna on eri puolilla maailmaa tunnettu hedelmällisyyden ja kasvun vertauskuva.</description>
</event>
<event>
	<date>2017-04-22</date>
	<name>Maan päivä</name>
	<age>47</age>
	<url>https://fi.wikipedia.org/wiki/Maan_p%C3%A4iv%C3%A4</url>
	<description>Maan päivää vietetään 22. huhtikuuta. Sitä kutsutaan toisinaan myös Maailman päiväksi. Päivää on vietetty vuodesta 1970, ja tarkoituksena on järjestää kansalaistoimintaa puhtaan veden ja ilman sekä koko elinympäristön hyväksi.</description>
</event>
<event>
	<date>2017-04-23</date>
	<name>Kirjan ja ruusun päivä</name>
	<age>401</age>
	<url>https://fi.wikipedia.org/wiki/Kirjan_ja_ruusun_p%C3%A4iv%C3%A4</url>
	<description>Kirjan ja ruusun päivä on kirjaa juhlistava päivä, jota on useimmiten vietetty 23. huhtikuuta. Ajankohta valittiin kirjallisen historiansa ansiosta: 23. huhtikuuta 1616 kaksi maailmankirjallisuuden klassikkokirjailijaa, Miguel de Cervantes sekä William Shakespeare kuolivat.

Juhlapäivän ajatus on, että miehet antaisivat naisille ruusuja ja naiset miehille kirjoja.</description>
</event>
<event>
	<date>2017-04-24</date>
	<name>Nastarenkaat vaihdettava</name>
	<url>http://www.autonrengasliitto.fi/?id=23</url>
	<description>Muunakin aikana nastarenkaita saa käyttää mikäli sää tai keli sitä edellyttää.</description>
</event>
<event>
	<date>2017-04-27</date>
	<name>Kansallinen veteraanipäivä</name>
	<flag_day>1</flag_day>
	<age>30</age>
	<url>https://fi.wikipedia.org/wiki/Veteraanip%C3%A4iv%C3%A4</url>
	<description>Kansallinen veteraanipäivä on sotaveteraanien kunniaksi vietettävä juhlapäivä ja yleinen liputuspäivä. Sitä vietettiin ensimmäisen kerran vuonna 1987 osana Suomen itsenäisyyden 70-vuotisjuhlavuotta.

Lapin sota ja samalla Suomen osuus toisessa maailmansodassa päättyi 27. huhtikuuta 1945, joka on jäänyt Suomen puolustusvoimien viimeisimmäksi sotapäiväksi. Silloin loputkin Saksan 20. vuoristoarmeijan sotilaista vetäytyivät kello 13.30 mennessä Kilpisjärveltä Norjan puolelle rajaa.

Kansallista veteraanipäivää ei vietetä voitonjuhlana, vaan sillä on kaatuneiden muistopäivääkin rauhanomaisempi luonne.</description>
</event>
<event>
	<date>2017-04-30</date>
	<name>Ahvenanmaan lipun päivä</name>
	<url>https://fi.wikipedia.org/wiki/Ahvenanmaan_lippu</url>
</event>
<event>
	<date>2017-04-30</date>
	<name>Vappuaatto</name>
	<url>https://fi.wikipedia.org/wiki/Vappu</url>
	<description>Vappu on kansainvälinen juhlapäivä ja monissa maissa yleinen vapaapäivä. Se on alkavan kevään juhlapäivä sekä kansainvälinen työväen juhlapäivä. Suomessa vapunpäivää aattopäivineen vietetään työväen, ylioppilaiden ja kevään karnevaalijuhlana. Vuodesta 1979 lähtien vappu on ollut Suomessa virallinen liputuspäivä, suomalaisen työn päivä.

Nimi vappu tulee 700-luvulla eläneestä baijerilaisesta abbedissa Valburgista. Vappua on juhlittu keskiajalta lähtien - myös Suomessa - 1. toukokuuta, joka on Valburgin pyhimykseksi julistamisen päivä. Sen mukaisesti päivä on myös Vapun ja Valpurin nimipäivä. Nykyään päivä ei ole kirkollinen juhlapäivä, vaikka onkin yleinen vapaapäivä, mutta aikoinaan samaksi päiväksi sattui myös apostolien Filippuksen ja Jaakobin muistopäivä.</description>
</event>
<event>
	<date>2017-05-09</date>
	<name>Eurooppa-päivä</name>
	<flag_day>1</flag_day>
	<age>67</age>
	<url>https://fi.wikipedia.org/wiki/Eurooppa-p%C3%A4iv%C3%A4#Eurooppa-p.C3.A4iv.C3.A4</url>
	<description>9. toukokuuta 1950 Robert Schuman esitti ehdotuksensa yhtenäisen Euroopan luomisesta välttämättömänä rauhanomaisten suhteiden ylläpitämiseksi. Tätä ehdotusta, joka tunnetaan nimellä Schumanin julistus pidetään Euroopan unionin perustamisen ensimmäisenä askeleena.

Nykyään 9. päivästä toukokuuta on tehty Euroopan unionin symboli (Eurooppa-päivä), joka yhdessä yhteisen valuutan (euro), lipun ja kansallislaulun kanssa identifioi Euroopan unionin poliittisena toimijana. Eurooppa-päivä on tarkoitettu unionin kansoja ja kansalaisia yhdistävien juhlallisuuksien päiväksi.

Eurooppa-päivän tapahtumia Suomessa järjestää kansalaisjärjestö Eurooppalainen Suomi yhteistyössä Euroopan komission kanssa.</description>
</event>
<event>
	<date>2017-05-12</date>
	<name>J. V. Snellmannin päivä</name>
	<flag_day>1</flag_day>
	<alternate_names>suomalaisuuden päivä</alternate_names>
	<age>211</age>
	<url>https://fi.wikipedia.org/wiki/J._V._Snellman</url>
	<description>Johan (Juhana) Vilhelm Snellman (12. toukokuuta 1806 Tukholma, Ruotsi - 4. heinäkuuta 1881 Kirkkonummi, Suomen suuriruhtinaskunta) oli suomalainen filosofi, kirjailija, sanomalehtimies ja valtiomies, yksi vaikutusvaltaisimmista fennomaaneista 1800-luvun Suomessa. Hän vaikutti merkittävästi suomen kielen asemaan ja Suomen markan käyttöönottoon. Häntä pidetään Suomen kansallisfilosofina.</description>
</event>
<event>
	<date>2017-05-13</date>
	<name>Kukanpäivä</name>
	<url>https://fi.wikipedia.org/wiki/Kukanp%C3%A4iv%C3%A4</url>
	<description>Kukanpäivä eli Flooran päivä 13. toukokuuta on ollut Suomessa perinteinen ylioppilaiden juhlapäivä. Helsingissä ylioppilaat kokoontuivat 1800-luvulla kukanpäivänä Kumtähden kentälle nykyiseen Kumpulaan. Erityisen merkityksen kokoontuminen sai vuonna 1848, jolloin tapahtumassa esitettiin J. L. Runebergin ja Fredrik Paciuksen Maamme-laulu ensimmäisen kerran. Sillä oli suuri merkitys kansallisen heräämisen kannalta, joka johti lopulta Suomen itsenäistymiseen vuonna 1917.</description>
</event>
<event>
	<date>2017-05-14</date>
	<name>Äitienpäivä</name>
	<flag_day>1</flag_day>
	<age>99</age>
	<url>https://fi.wikipedia.org/wiki/%C3%84itienp%C3%A4iv%C3%A4</url>
	<description>Äitienpäivän vietto alkoi Yhdysvalloista. Anna Jarvisin äidin kuolema vuonna 1905 sai Jarvisin ajattelemaan, ettei yhteiskunta ottanut huomioon äitien asemaa kansakunnan teollistumisen ja lasten kasvatuksessa. Vuonna 1914 presidentti Woodrow Wilson julisti äitienpäivän kansalliseksi juhlapäiväksi.

Äitienpäivän toi Suomeen kansakoulunopettaja ja kansanedustaja Vilho Reima. Sitä vietettiin ensimmäisen kerran vuonna 1918. Vuonna 1947 päivä vahvistettiin viralliseksi liputuspäiväksi.</description>
</event>
<event>
	<date>2017-05-15</date>
	<name>Kansainvälinen perheiden päivä</name>
	<age>25</age>
	<url>https://en.wikipedia.org/wiki/International_Day_of_Families</url>
</event>
<event>
	<date>2017-05-20</date>
	<name>Ravintolapäivä</name>
	<url>http://www.restaurantday.org/?lang=fi</url>
	<description>Ravintolapäivänä kuka tahansa voi perustaa päiväksi ravintolan, kahvilan tai baarin. Se voi olla ihan missä tahansa: kotona, työhuoneella, kadunkulmassa, sisäpihalla, puistossa, rannalla tai vaikka mattolaiturilla – vain oma mielikuvitus on rajana.

Mitä hauskempi ravintolaideasi on, sitä paremmin se houkuttelee ihmisiä. Erikoisuudentavoittelu ei kuitenkaan ole itseisarvo, vaan hyvä ruoka ja juoma mukavassa paikassa riittää – tärkeintä on perustaa sellainen ravintola jossa itse viihtyisi. Ennen kaikkea Ravintolapäivässä on ideana pitää hauskaa, jakaa erilaisia ruokaelämyksiä ihmisten kanssa ja nauttia yhteisestä elinympäristöstämme.</description>
</event>
<event>
	<date>2017-05-31</date>
	<name>Kansainvälinen tupakaton päivä</name>
	<age>30</age>
	<url>https://fi.wikipedia.org/wiki/Kansainv%C3%A4linen_tupakaton_p%C3%A4iv%C3%A4</url>
	<description>Kansainvälistä tupakatonta päivää on vietetty vuodesta 1987 alkaen. Päivää vietetään Maailman terveysjärjestön (WHO) aloitteesta. Tarkoituksena on kiinnittää maailman huomio tupakkaepidemiaan, tupakoinnista aiheutuviin sairauksiin ja kuolemiin.</description>
</event>
<event>
	<date>2017-06-04</date>
	<name>Puolustusvoimain lippujuhlan päivä</name>
	<flag_day>1</flag_day>
	<alternate_names>Carl Gustaf Emil Mannerheimin syntymäpäivä</alternate_names>
	<age>150</age>
	<url>https://fi.wikipedia.org/wiki/Puolustusvoimain_lippujuhlan_p%C3%A4iv%C3%A4</url>
	<description>Puolustusvoimain lippujuhlan päivää on vietetty nykyisellä paikallaan vuodesta 1942 alkaen. Vuosina 1919-1939 juhlaa vietettiin nimellä sotaväen lippujuhlan päivä 16. toukokuuta muistaen hallitukselle uskollisten Suomen tasavallan joukkojen, valkoisten voittoa punaisista sisällissodassa 1918. Kahtiajaosta muistuttava päivä haluttiin siirtää talvisodan jälkeen toukokuun kolmanneksi sunnuntaiksi kunnioittamaan sisällissodassa ja talvisodassa kaikkien henkensä antaneiden suomalaisten muistoa, jolloin alkoi kaatuneiden muistopäivän vietto. Jatkosodan aikana puolustusvoimain ylipäällikkö, sotamarsalkka Gustaf Mannerheimin täyttäessä 75 vuotta hänet ylennettiin Suomen marsalkaksi ja hänen syntymäpäiväänsä 4.6. vietettiin aluksi nimellä Suomen marsalkan syntymäpäivä, mutta varsin pian nimeksi vakiintui puolustusvoimain lippujuhlan päivä.

Lippujuhlapäivänä jaetaan myönnetyt kunniamerkit ja ylennetään ansioituneita sotilaita ja reserviläisiä. Puolustusvoimat pitää valtakunnallisen paraatikatselmuksen ja ohimarssin, jonka vastaanottavat puolustusvoimain ylipäällikkö ja pv:n komentaja. Suomen itsenäisyyden juhlavuosina eli joka kymmenes vuosi paraati järjestetään aina Helsingissä.</description>
</event>
<event>
	<date>2017-06-09</date>
	<name>Ahvenanmaan itsehallintopäivä</name>
	<url>https://fi.wikipedia.org/wiki/Ahvenanmaan_maakuntap%C3%A4iv%C3%A4t</url>
</event>
<event>
	<date>2017-06-12</date>
	<name>Helsinki-päivä</name>
	<age>467</age>
	<url>https://fi.wikipedia.org/wiki/Helsinki-p%C3%A4iv%C3%A4</url>
	<location>Helsinki</location>
	<description>Helsinki-päivä on joka vuosi 12. kesäkuuta järjestettävä juhlapäivä Helsingin kaupungin kunniaksi. Juhlapäivään kuuluvissa tapahtumissa käy vuosittain yli satatuhatta ihmistä. Helsinki-mitali luovutetaan Helsinki-päivänä ansioituneille kaupunkilaisille. Kaupunginhallitus myöntää mitalit.

Hankkeen panivat alulle ylipormestari Lauri Aho ja Helsinki-seuran sihteeri Jorma Waronen 1950-luvun lopulla. Ensimmäistä Helsinki-päivää vietettiin vuonna 1959 sinä päivänä, jona Helsinki täytti 409 vuotta.</description>
</event>
<event>
	<date>2017-06-21</date>
	<name>Kesäpäivänseisaus</name>
	<url>https://fi.wikipedia.org/wiki/Kes%C3%A4p%C3%A4iv%C3%A4nseisaus</url>
	<description>Kesäpäivänseisaus on vuoden pisin päivä. Pohjoisella pallonpuoliskolla se sijoittuu joka vuosi välille 20.-22. kesäkuuta. Silloin Aurinko paistaa kohtisuoraan taivaalta Kravun kääntöpiirillä. Aurinko on pohjoisimmillaan vuotuisessa liikkeessään eli Auringon deklinaatio on suurimmillaan. Pohjoisen napapiirin pohjoispuolella Aurinko ei laske lainkaan. Kesäpäivänseisauksen jälkeen yö alkaa taas pidentyä.</description>
</event>
<event>
	<date>2017-06-23</date>
	<name>Juhannusaatto</name>
	<url>https://fi.wikipedia.org/wiki/Juhannus</url>
	<description>Juhannus on suomalainen nimi keskikesän juhlalle, jota vietetään kesäkuussa kesäpäivänseisauksen lähellä. Pohjoisessa juhannus on valon juhla, jolloin keskikesä on kauneimmillaan.

Suomalaiseen juhannukseen kuuluvat kiinteästi juhannussauna, juhannuskokko, juhannustanssit ja muut juhlat. Suomessa juhannus on myös virallinen liputuspäivä, jolloin liputetaan koko juhannusyön ajan. Monet juhannuksen perinteistä juontavat juurensa vanhaan eurooppalaiseen valon ja hedelmällisyyden juhlaan kesäpäivänseisauksen aikana.

Suomessa ja Ruotsissa juhannus on ollut tärkeä kansanomainen merkkipäivä. Juhannukseen on vanhastaan liittynyt erilaisia uskomuksia ja taikoja, joilla on pyritty varmistamaan tuleva sato ja naimaonni. Monet kristilliset kirkkokunnat viettävät juhannusta Johannes Kastajan muistopäivänä, mistä tulee nimi juhannus.</description>
</event>
<event>
	<date>2017-07-06</date>
	<name>Eino Leinon päivä</name>
	<flag_day>1</flag_day>
	<alternate_names>runon ja suven päivä</alternate_names>
	<age>139</age>
	<url>https://fi.wikipedia.org/wiki/Eino_Leino</url>
	<description>Eino Leino (Armas Einar Leopold Lönnbohm, 6. heinäkuuta 1878 Paltamo - 10. tammikuuta 1926 Tuusula) oli suomalainen kirjailija, lehtimies ja kriitikko. Leinon laaja ja monipuolinen kirjallinen tuotanto sisälsi lyriikkaa, romaaneja, näytelmiä, esseitä ja lehtipakinoita sekä suomennoksia ulkomaisesta kirjallisuudesta. Leino luetaan Suomen merkittävimpiin kirjailijoihin. Sekä hänen lyriikkansa että mahtavat aaterunonsa ovat vuosikymmenestä toiseen pysyneet laajojen lukijapiirien suosiossa.</description>
</event>
<event>
	<date>2017-07-06</date>
	<name>Runon ja suven päivä</name>
	<alternate_names>Eino Leinon päivä</alternate_names>
	<url>https://fi.wikipedia.org/wiki/Runon_ja_suven_p%C3%A4iv%C3%A4</url>
	<description>Eino Leinon päivää vietetään runoilija Eino Leinon syntymäpäivänä 6. heinäkuuta. Se on ollut vuodesta 1992 vakiintunut liputuspäivä, jota vietetään runon ja suven päivänä.

Aloite runon ja suven päivästä on peräisin Veikko Sinisalolta. Hän ehdotti sitä vuonna 1991 silloiselle kulttuuriministerille Tytti Isohookana-Asunmaalle. Ministeri innostui asiasta ja 6.7.1992 hän julisti Sana ja sävel -tapahtumassa Kajaanissa Eino Leinon syntymäpäivän runon ja suven päiväksi. Kalenteriin päivä pääsi vuonna 1998, kun sitä ehdotti kokkolalainen kirjallisuuden harrastaja Elvi Löhönen.</description>
</event>
<event>
	<date>2017-07-23</date>
	<name>Mätäkuu alkaa</name>
	<url>https://fi.wikipedia.org/wiki/M%C3%A4t%C3%A4kuu</url>
	<description>Mätäkuu on kansanperinteessä keskellä kesää oleva kuukauden pituinen ajanjakso.

Mätäkuun perinne juontaa alkunsa jo tuhansien vuosien takaa muinaisesta Mesopotamiasta, jolloin kesän kuumin aika tunnettiin koiranpäivien nimellä. Nimensä tuo kolmisen viikkoa kestänyt aika oli saanut Canis Majorin eli Ison koiran tähtikuviosta ja sen kirkkaimmasta tähdestä Siriuksesta eli Koirantähdestä, joka heinäkuun puolenvälin jälkeen tulee pois Auringon takaa ja alkaa näkyä aamuisin juuri ennen auringonnousua. Tätä sanotaan Siriuksen heliakiseksi nousuksi. Käsite koirakuu on alun perin syntynyt Mesopotamiassa. Myös egyptiläisille Siriuksen näkyminen oli tärkeä, koska silloin alkoivat Niilin tulvat. Roomalaiset nimittivät ajan jaksoa nimellä di?s canicul?r?s. Nimitys &quot;mätäkuu&quot; on käännösvirheen seurausta. Saksassa otettiin käyttöön käsite Rodenmonat, joka tarkoittaa kaskeamiskuuta. Tanskalaiset käänsivät sanan muotoon råddenmåned (mätäkuu). Nimi mätäkuu kulkeutui sitten Tanskasta Ruotsiin ja Suomeen. Suomessa käsitteen mätäkuu otti käyttöön jo Mikael Agricola. Mätäkuu oli merkittynä suomalaisiin Almanakkoihin aina vuoteen 1995 saakka.

Ennen kylmälaitteiden keksimistä tämä vuoden kostein ja kuumin aika sai elintarvikkeet pilaantumaan nopeammin kuin tavallisesti, joten loppujen lopuksi virheellinen &quot;mätäkuu&quot; kuvaakin tuota aikaa paremmin kuin koirakuu.</description>
</event>
<event>
	<date>2017-07-27</date>
	<name>Unikeonpäivä</name>
	<url>https://fi.wikipedia.org/wiki/Unikeonp%C3%A4iv%C3%A4</url>
	<description>Unikeonpäivä, monissa maissa nimeltään seitsemän nukkujan päivä, on vanha kristillinen merkkipäivä, jolla muistettiin seitsemää Efesoksen marttyyriä. Legendan mukaan nuorukaiset pakenivat 200-luvulla kristittyjä vainonnutta keisari Deciusta luolaan ja heräsivät vasta 200 vuotta myöhemmin.

Tunnetuin perinne on Naantalissa vietettävä Unikeonpäivä jossa valitaan valtakunnan virallinen Unikeko. Naantalissa tapahtuman juuret ulottuvat 1880-luvulle, ja nykyisessä muodossaan jossa valitaan vuosittain Unikeko se on ollut vuodesta 1959 lähtien.</description>
</event>
<event>
	<date>2017-08-23</date>
	<name>Mätäkuu loppuu</name>
	<url>https://fi.wikipedia.org/wiki/M%C3%A4t%C3%A4kuu</url>
	<description>Mätäkuu on kansanperinteessä keskellä kesää oleva kuukauden pituinen ajanjakso.

Mätäkuun perinne juontaa alkunsa jo tuhansien vuosien takaa muinaisesta Mesopotamiasta, jolloin kesän kuumin aika tunnettiin koiranpäivien nimellä. Nimensä tuo kolmisen viikkoa kestänyt aika oli saanut Canis Majorin eli Ison koiran tähtikuviosta ja sen kirkkaimmasta tähdestä Siriuksesta eli Koirantähdestä, joka heinäkuun puolenvälin jälkeen tulee pois Auringon takaa ja alkaa näkyä aamuisin juuri ennen auringonnousua. Tätä sanotaan Siriuksen heliakiseksi nousuksi. Käsite koirakuu on alun perin syntynyt Mesopotamiassa. Myös egyptiläisille Siriuksen näkyminen oli tärkeä, koska silloin alkoivat Niilin tulvat. Roomalaiset nimittivät ajan jaksoa nimellä di?s canicul?r?s. Nimitys &quot;mätäkuu&quot; on käännösvirheen seurausta. Saksassa otettiin käyttöön käsite Rodenmonat, joka tarkoittaa kaskeamiskuuta. Tanskalaiset käänsivät sanan muotoon råddenmåned (mätäkuu). Nimi mätäkuu kulkeutui sitten Tanskasta Ruotsiin ja Suomeen. Suomessa käsitteen mätäkuu otti käyttöön jo Mikael Agricola. Mätäkuu oli merkittynä suomalaisiin Almanakkoihin aina vuoteen 1995 saakka.

Ennen kylmälaitteiden keksimistä tämä vuoden kostein ja kuumin aika sai elintarvikkeet pilaantumaan nopeammin kuin tavallisesti, joten loppujen lopuksi virheellinen &quot;mätäkuu&quot; kuvaakin tuota aikaa paremmin kuin koirakuu.</description>
</event>
<event>
	<date>2017-09-21</date>
	<name>Kansainvälinen rauhanpäivä</name>
	<url>https://fi.wikipedia.org/wiki/Kansainv%C3%A4linen_rauhanp%C3%A4iv%C3%A4</url>
	<description>Kansainvälinen rauhanpäivä (International Day of Peace) on Yhdistyneiden kansakuntien hyväksymä juhlapäivä. 7. syyskuuta 2001 YK:n yleiskokouksen päätöksellä vuodesta 2002 alkaen kansainvälistä rauhanpäivää vietetään 21. syyskuuta. Kokouksessa ilmoitettiin, että päivä varataan maailman kattavalle aselevolle ja väkivallattomuudelle.</description>
</event>
<event>
	<date>2017-09-22</date>
	<name>Autoton päivä</name>
	<url>https://fi.wikipedia.org/wiki/Kansainv%C3%A4linen_autoton_p%C3%A4iv%C3%A4</url>
	<description>Kansainvälistä autotonta päivää vietetään 22. syyskuuta. Päivä syntyi Euroopassa 1990-luvulla järjestetyistä tempauksista, joissa kiinnitettiin huomiota kasvavan liikenteen aiheuttamiin ongelmiin ja joukkoliikenteen kehittämiseen. Koko Euroopan kattavaa teemapäivää vietettiin ensimmäisen kerran 22. syyskuuta 2001, ja tapahtuma levisi myös Euroopan rajojen ulkopuolelle.</description>
</event>
<event>
	<date>2017-09-22</date>
	<name>Syyspäiväntasaus</name>
	<url>https://fi.wikipedia.org/wiki/Syysp%C3%A4iv%C3%A4ntasaus</url>
	<description>Syyspäiväntasaus on hetki, jolloin Aurinko siirtyy taivaalla pohjoiselta eteläiselle pallonpuoliskolle. Aurinko on silloin zeniitissä päiväntasaajalla. Käyttöyhteydestä riippuen syyspäiväntasauksella voidaan tarkoittaa joko kellonlyömää, jona Aurinko siirtyy eteläiselle pallonpuoliskolle tai koko vuorokautta, jonka aikana siirtyminen tapahtuu.</description>
</event>
<event>
	<date>2017-10-10</date>
	<name>Aleksis Kiven päivä</name>
	<flag_day>1</flag_day>
	<alternate_names>suomalaisen kirjallisuuden päivä</alternate_names>
	<age>183</age>
	<url>https://fi.wikipedia.org/wiki/Aleksis_Kivi</url>
	<description>Aleksis Kivi (oik. Alexis Stenvall) on Suomen kansalliskirjailija. Kiveä on sanottu suomenkielisen kirjallisuuden isäksi. Hänet tunnetaan parhaiten teoksistaan Seitsemän veljestä ja Nummisuutarit. Hän kirjoitti etunimensä muodossa Alexis ja esiintyi läpi elämänsä Stenvallina; Kivi oli lähinnä taiteilijanimi tai nimimerkki.

Aleksis Kiven päivää vietetään hänen syntymäpäivänään 10. lokakuuta, joka on myös liputuspäivä. Se on samalla myös suomalaisen kirjallisuuden päivä ja Helsingin yliopiston Eteläsuomalaisen osakunnan vuosipäivä.</description>
</event>
<event>
	<date>2017-10-10</date>
	<name>Maailman mielenterveyspäivä</name>
	<url>https://fi.wikipedia.org/wiki/Maailman_mielenterveysp%C3%A4iv%C3%A4</url>
	<description>Maailman mielenterveyspäivä on 10. lokakuuta 1992 alkaen vietetty teemapäivä, jonka viettämisen aloitti Mielenterveyden maailmanliitto. Päivän tavoitteena on tiedottaa ja kouluttaa ihmisiä mielenterveyteen liittyvistä asioista.</description>
</event>
<event>
	<date>2017-10-13</date>
	<name>Kansallinen epäonnistumisen päivä</name>
	<url>http://www.dayforfailure.com/</url>
</event>
<event>
	<date>2017-10-13</date>
	<name>Perjantai, 13. päivä</name>
	<url>https://fi.wikipedia.org/wiki/Perjantai_13.</url>
</event>
<event>
	<date>2017-10-16</date>
	<name>Maailman nälkäpäivä</name>
	<url>https://fi.wikipedia.org/wiki/Maailman_n%C3%A4lk%C3%A4p%C3%A4iv%C3%A4</url>
	<description>Maailman ravintopäivä on alunperin FAO:n (Food and Agriculture Organization) vuonna 1979 julistama. Päivän tarkoitus on nostaa yleistä tietoisuutta maailman ravinto-ongelmasta ja lisätä solidaarisuutta nälkää, aliravitsemusta ja köyhyyttä vastaan taisteltaessa. FAO perustettiin juuri tänä päivänä vuonna 1945. Vuonna 1980 YK:n yleiskokous vahvisti päivän viettämisen päätöslauselmallaan 35/70 (5.12.). Sen mukaan ruoka on ihmisen selviytymisen ja hyvinvoinnin välttämätön edellytys ja perustava inhimillinen välttämättömyys.</description>
</event>
<event>
	<date>2017-10-24</date>
	<name>Yhdistyneiden Kansakuntien (YK:n) päivä</name>
	<flag_day>1</flag_day>
	<age>72</age>
	<url>https://fi.wikipedia.org/wiki/YK:n_p%C3%A4iv%C3%A4</url>
	<description>Yhdistyneet kansakunnat (YK) on maailmanlaajuinen hallitusten välinen yhteistyöjärjestö, joka perustettiin 24. lokakuuta 1945 San Franciscossa Kansainliiton korvaajaksi. Maailmanjärjestö perustettiin toisen maailmansodan jälkeen edistämään kansainvälistä rauhaa ja turvallisuutta, oikeudenmukaisuutta sekä ihmisoikeuksia.

Perustamispäivä 24.10. on kansainvälinen YK:n päivä, ja se aloittaa YK:n aseidenriisuntaviikon.</description>
</event>
<event>
	<date>2017-10-29</date>
	<name>Kesäaika päättyy</name>
	<url>https://fi.wikipedia.org/wiki/Kes%C3%A4aika</url>
	<description>Siirrä kelloja tunnilla taaksepäin klo 04

Kesäaika on laajalti käytetty järjestelmä virallisen paikallisen ajan siirtämiseksi eteenpäin, yleensä yhden tunnin verran kevät- ja kesäkuukausiksi.

Kesäaikajärjestelyn tarkoituksena on saada kesän ajan aamuinen valo vastaamaan paremmin aktiivisia valveillaolotunteja ja työskentelyaikoja kouluissa ja työpaikoilla. Kertyneet valoisat tunnit &quot;säästetään&quot; näin iltaan sen sijaan, että ne kuluisivat &quot;hukkaan&quot; ihmisten vielä nukkuessa. Suomessa kesäajalla ei ole yhtä suurta merkitystä kuin etelämpänä, koska Suomessa on kesällä varsin pitkät päivät, mutta keväisin ja syksyisin kesäaika säästää energiaa Suomessakin.</description>
</event>
<event>
	<date>2017-10-30</date>
	<name>Vuoden tehottomin työpäivä</name>
	<url>http://www.telegraph.co.uk/news/newstopics/howaboutthat/6432078/Monday-Oct-26-is-most-unproductive-day.html</url>
</event>
<event>
	<date>2017-10-31</date>
	<name>Halloween</name>
	<url>https://fi.wikipedia.org/wiki/Halloween</url>
</event>
<event>
	<date>2017-11-01</date>
	<name>Nastarenkaat sallittu</name>
	<url>http://www.autonrengasliitto.fi/?id=23</url>
	<description>Muunakin aikana nastarenkaita saa käyttää mikäli sää tai keli sitä edellyttää.</description>
</event>
<event>
	<date>2017-11-06</date>
	<name>Ruotsalaisuuden päivä</name>
	<flag_day>1</flag_day>
	<alternate_names>Kustaa Aadolfin päivä; Svenska dagen</alternate_names>
	<age>385</age>
	<url>https://fi.wikipedia.org/wiki/Ruotsalaisuuden_p%C3%A4iv%C3%A4</url>
	<description>Ruotsalaisuuden päivä (ruots. Svenska dagen) merkitsee suomenruotsalaisille oikeutta käyttää omaa kieltään Suomessa, mutta päivän tarkoituksena on myös Folktingetin mukaan kunnioittaa Suomen kieliryhmien yhteistä kaksikielistä isänmaata.

Päivää vietetään radiossa lähetettävällä pääjuhlalla ja siihen liittyviä tilaisuuksia vietetään myös muun muassa ruotsinkielisissä kouluissa, joissa juhlintaan kuuluu oleellisesti äidinkielen laulu eli Modersmålets sång. Päivää vietetään kuningas Kustaa II Aadolfin juliaanisen kalenterin mukaisena kuolinpäivänä, joka on ollut merkittynä almanakkaan Kustaa Aadolfin nimipäiväksi jo 1600-luvulta lähtien.

Ruotsalaisuuden päivä sai alkunsa, kun vasta perustettu Ruotsalainen kansanpuolue ryhtyi vuonna 1908 viettämään erityistä ruotsalaisuuden päivää, jonka tarkoituksena oli vahvistaa ruotsinkielisen kansanosan yhteenkuuluvuuden tunnetta. Päiväksi valittiin Kustaa II Aadolfin kuolinpäivä kolmikymmenvuotisessa sodassa, jossa luotiin pohja Ruotsin suurvalta-asemalle.</description>
</event>
<event>
	<date>2017-11-09</date>
	<name>Maailman käytettävyyspäivä</name>
	<url>https://en.wikipedia.org/wiki/World_Usability_Day</url>
</event>
<event>
	<date>2017-11-12</date>
	<name>Isänpäivä</name>
	<flag_day>1</flag_day>
	<age>68</age>
	<url>https://fi.wikipedia.org/wiki/Is%C3%A4np%C3%A4iv%C3%A4</url>
	<description>Isänpäivä on tullut Yhdysvalloista. Vuonna 1949 ruotsalaiset kauppiaat ehdottivat päivää juhlittavaksi kaikissa Pohjoismaissa. Isänpäivänä käydään usein muistamassa suvun vanhimpia isiä kyläilemällä.

Suomalaisiin almanakkoihin isänpäivä merkittiin ilman Helsingin yliopiston päätöstä jo vuosina 1970-1972. Vasta vuonna 1987 yliopisto katsoi päivän niin vakiintuneeksi, että se hyväksyttiin pysyvästi kalenteriin ja merkittiin myös liputuspäiväksi.

Isänpäivänä isälle tai isän ominaisuudessa olevalle on tapana antaa pieniä lahjoja. Lapset usein piirtelevät ja askartelevat lahjoja ja kortteja isälleen päiväkodissa tai koulussa sekä monesti antavat myös kaupasta ostamiaan lahjoja.</description>
</event>
<event>
	<date>2017-11-19</date>
	<name>Kansainvälinen miestenpäivä</name>
	<url>https://fi.wikipedia.org/wiki/Kansainv%C3%A4linen_miestenp%C3%A4iv%C3%A4</url>
	<description>Miestenpäivän juhlinnan tavoitteena on kiinnittää huomiota miesten ja poikien terveyteen, sukupuolten välisten suhteiden parantamiseen, sukupuolisen tasa-arvon edistämiseen ja myönteisten miesroolimallien korostamiseen vastapainoksi tiedotusvälineiden usean tarjoamille kielteisille mieskuville, jotka saattavat lannistaa poikia ja miehiä tuottamasta positiivista panosta läheisiin ja yhteiskuntaan. Miestenpäivänä kiinnitetään huomiota miehiin kohdistuvaan syrjintään ja juhlitaan tapahtunutta edistystä ja saavutuksia kuten miesten panosta yhteisöihin, perheisiin, parisuhteisiin ja lastenhoitoon.</description>
</event>
<event>
	<date>2017-11-20</date>
	<name>Kansainvälinen lasten päivä</name>
	<flag_day>1</flag_day>
	<url>https://fi.wikipedia.org/wiki/Kansainv%C3%A4linen_lasten_p%C3%A4iv%C3%A4</url>
	<description>YK:n yleiskokous suositteli vuonna 1954 Kansainvälisen lasten päivän (engl. Universal Children's Day) viettämistä. Suomessa sitä vietetään 20. marraskuuta, sillä tuona päivänä vuonna 1959 hyväksyttiin Lasten oikeuksien julistus ja 20. marraskuuta 1989 Lapsen oikeuksien sopimus.</description>
</event>
<event>
	<date>2017-12-01</date>
	<name>Talvirenkaiden käyttöpakko alkaa</name>
	<url>http://www.autonrengasliitto.fi/?id=23</url>
</event>
<event>
	<date>2017-12-03</date>
	<name>1. adventtisunnuntai</name>
	<alternate_names>Adventus humiliationis; nöyrtymisen adventti</alternate_names>
	<url>http://evl.fi/Evkirja.nsf/ppFI?OpenPage&amp;id=0001</url>
	<description>Ensimmäinen adventtisunnuntai on Suomessa yksi suosituimmista juhlapyhistä. Perinteen mukaan evankeliumina on palmusunnuntaihin kuuluva kertomus Jeesuksesta, joka ratsastaa aasilla Jerusalemiin. Siten adventti liittyy palmusunnuntain ja pääsiäisen tapahtumiin.

Ensimmäisestä adventtisunnuntaista on tullut ilonjuhla, johon kuuluu tärkeä sävellys Hoosianna-hymni. Hoosianna! -huudahdus on oikeastaan rukous joka tarkoittaa ”oi auta, pelasta!”, mutta jo ennen Jeesusta sitä pidettiin yleisenä juhlahuutona ja riemunilmauksena.

Suomen evankelis-luterilainen kirkkovuosi alkaa ensimmäisestä adventista. Liturginen väri on muusta adventtiajansta poiketen valkoinen. Ensimmäinen adventtikynttilä symboloi odotusta.</description>
</event>
<event>
	<date>2017-12-08</date>
	<name>Jean Sibeliuksen päivä</name>
	<flag_day>1</flag_day>
	<alternate_names>suomalaisen musiikin päivä</alternate_names>
	<age>152</age>
	<url>https://fi.wikipedia.org/wiki/Jean_Sibelius</url>
	<description>Johan Christian Julius &quot;Jean&quot; Sibelius (8. joulukuuta 1865 Hämeenlinna - 20. syyskuuta 1957 Ainola, Järvenpää) oli suomalainen kansallisromanttisen taidemusiikin säveltäjä. Sibelius on kansainvälisesti tunnetuin ja esitetyin suomalainen säveltäjä. Sibeliuksen arvostetuimpia teoksia ovat seitsemän sinfoniaa, sinfoniset runot sekä viulukonsertto.</description>
</event>
<event>
	<date>2017-12-10</date>
	<name>2. adventtisunnuntai</name>
	<alternate_names>Adventus glorificationis; kunnian adventti</alternate_names>
	<url>http://evl.fi/Evkirja.nsf/ppFI?OpenPage&amp;id=0003</url>
	<description>Toisen adventtisunnuntain aiheena on Kristuksen tuleminen kunniassaan aikojen lopulla eli niin sanottu toinen tuleminen. Toinen kynttilä on jouluilon sytyttäjä.</description>
</event>
<event>
	<date>2017-12-13</date>
	<name>Lucian päivä</name>
	<url>https://fi.wikipedia.org/wiki/Lucia-neito</url>
	<description>Lucian päivää vietetään Pyhän Lucian muistoksi 13. joulukuuta. Muistopäivä kuuluu alun perin katoliseen pyhimyskalenteriin, mutta nykyisin sitä vietetään ennen kaikkea ruotsinkielisessä kulttuurissa. Perinteeseen kuuluu Lucia-neito, joka on pukeutunut valkoisiin vaatteisiin, punaiseen vyöhön ja kynttiläkruunuun ja pitää kädessään kynttilää.

Ajatuksena on, että Lucia tuo valoa talven pimeyteen. Lucia (lat. lux, valo) on suomennettuna Valotar. Juliaanisessa kalenterissa talvipäivänseisaus osui keskiajalla Lucian päiväksi, ja tämän vuoksi päivää vietetään valon juhlana. Vuoden pisimpään yöhön ja valon juhlaan liittyneet pakanalliset tavat ja uskomukset yhdistyivät Lucian nimeen.</description>
</event>
<event>
	<date>2017-12-17</date>
	<name>3. adventtisunnuntai</name>
	<alternate_names>Adventus spiritualis; hengen adventti</alternate_names>
	<url>http://evl.fi/Evkirja.nsf/ppFI?OpenPage&amp;id=0004</url>
	<description>Kolmantena adventtisunnuntaina puhutaan Johannes Kastajasta ja hänen kehotuksestansa katumukseen ja parannukseen. Kolmas kynttilä on joulurauhan symboli.</description>
</event>
<event>
	<date>2017-12-21</date>
	<name>Talvipäivänseisaus</name>
	<url>https://fi.wikipedia.org/wiki/Talvip%C3%A4iv%C3%A4nseisaus</url>
	<description>Talvipäivänseisaus on ajankohta, jolloin Aurinko on suoraan Kauriin kääntöpiirin yläpuolella ja pohjoisella pallonpuoliskolla on vuoden lyhin päivä. Auringon deklinaatio on minimissään ja pohjoisella pallonpuoliskolla aurinko on alimmillaan taivaalla etelässä ollessaan. Pohjoisen napapiirin pohjoispuolella aurinko ei nouse lainkaan. Talvipäivänseisaus ajoittuu aikavälille 21.-22. joulukuuta.</description>
</event>
<event>
	<date>2017-12-24</date>
	<name>4. adventtisunnuntai</name>
	<alternate_names>Adventus sanctificationis; pyhä adventti</alternate_names>
	<url>http://evl.fi/Evkirja.nsf/ppFI?OpenPage&amp;id=0005</url>
	<description>Neljäs adventtisunnuntai on omistettu Marialle. Neljäs kynttilä on rakkauden kynttilä.</description>
</event>
<event>
	<date>2017-12-24</date>
	<name>Jouluaatto</name>
	<url>http://evl.fi/Evkirja.nsf/ppFI?OpenPage&amp;id=0006</url>
	<description>Jouluaaton viettoon on perinteisesti kuulunut muun muassa joulukuusen koristelu, jouluaterian syöminen, hautausmaalla käyminen, jouluaaton jumalanpalveluksessa käyminen, joululahjojen antaminen sekä joulusauna. Monissa perheissä lauletaan tai kuunnellaan joululauluja. Kristillisissä perheissä saatetaan veisata Enkeli taivaan -virsi sekä lukea jouluevankeliumi.

Joulupukki käy perinteisesti jouluaattona lapsiperheitä ilahduttamassa ja jakaa myös mahdolliset joululahjat, tosin joskus lahjat saattavat olla jo aattona joulukuusen alla.

Suomessa joulurauha julistetaan monissa kaupungeissa kello 12.00. Kuuluisin on Turun julistus, joka esitetään myös televisiossa, radiossa ja internetin kautta.</description>
</event>
<event>
	<date>2017-12-26</date>
	<name>Tapanin ajot</name>
	<alternate_names>hevosmiesten päivä; hevosten päivä</alternate_names>
	<url>https://fi.wikipedia.org/wiki/Tapaninp%C3%A4iv%C3%A4</url>
	<description>Tapaninpäivän perinteisiin kuuluu tapaninajelu, mieluiten hevosella. Hevosia opetettiin juoksemaan ja ajeltiin kylillä hupailemassa. Iloiset rekiretket tehtiin joukolla ja joulun hiljaisen hartaan tunnelman jälkeen nuoriso ja vanhempikin väki huristeli innoissaan kylänraitteja. Myös tapaninkulkueita, laulajia, jouluämmiä ja -äijiä liikkui eri puolilla kyliä.</description>
</event>
<event>
	<date>2017-12-28</date>
	<name>Viattomien lasten päivä</name>
	<alternate_names>4. joulupäivä</alternate_names>
	<url>http://evl.fi/Evkirja.nsf/ppFI?OpenPage&amp;id=0012</url>
	<description>Viattomien lasten päivä on kristinuskossa juhlapäivä, jota vietetään niiden beetlehemiläisten lasten muistoksi, jotka kuningas Herodes Matteuksen evankeliumin 2. luvun mukaan surmautti.

Päivää vietetään useimmissa kristillisissä maissa 28. joulukuuta. Espanjassa ja Latinalaisessa Amerikassa kyseisenä päivänä on tapana tehdä piloja muiden maiden aprillipäivän tapaan. Ruotsissa ja Suomessa viattomien lasten päivä oli ennen vuotta 1774 pyhäpäivä (neljäs joulupäivä). Se oli niin sanottu pikkupyhä eli päivä, joka oli niin pyhä ettei saanut tehdä työtä mutta ei niin pyhä että olisi pitänyt viettää sitä uskonnollisen hartaasti.</description>
</event>
<event>
	<date>2017-12-31</date>
	<name>Uudenvuodenaatto</name>
	<url>https://fi.wikipedia.org/wiki/Uudenvuodenaatto</url>
	<description>Uusivuosi on juhla, jolla juhlistetaan vuoden vaihtumista, kun vanhan vuoden viimeinen päivä (uudenvuodenaatto) vaihtuu uuden vuoden ensimmäiseksi päiväksi (uudenvuodenpäivä). Uuttavuotta juhlitaan ympäri maailmaa eri tavoin. Uuden vuoden alkaessa on tapana muistella menneen vuoden tapahtumia sekä tehdä suunnitelmia alkavan vuoden varalle.</description>
</event>
<event>
	<date>2017-01-28</date>
	<time>02:08:19</time>
	<timezone>Europe/Helsinki</timezone>
	<name>Kiinalainen uusivuosi (Kukko)</name>
	<url>http://fi.wikipedia.org/wiki/Kiinalainen_uusivuosi</url>
</event>
</events>
