<?xml version='1.0' encoding='UTF-8'?>
<toplista tyyppi='vko29'>
 <tiedot>
  <vuosi>2017</vuosi>
  <viikko>29</viikko>
  <lahde>Yle Areena</lahde>
  <saate>Finnpanel Oy mittaa jatkuvalla paneelitutkimuksella suomalaisten tv-katselua. 
      TV-mittaritutkimukseen on satunnaisesti valittu 1100 taloutta siten, että ne edustavat TV-talouksia Suomessa. 
      Tutkimukseen osallistuvat kaikki kolme vuotta täyttäneet perheenjäsenet, yhteensä noin 2300 henkilöä.</saate>
 </tiedot>
 <ohjelmat>
  <ohjelma jnro="1" kanava="YLE TV2">
    <nimi>Ryhmä Hau</nimi>
    <katsojamaara>81000</katsojamaara>
  </ohjelma>
  <ohjelma jnro="2" kanava="Yle Fem">
    <nimi>Skam</nimi>
    <katsojamaara>36000</katsojamaara>
  </ohjelma>
  <ohjelma jnro="3" kanava="YLE TV2">
    <nimi>Pipsa Possu</nimi>
    <katsojamaara>35000</katsojamaara>
  </ohjelma>
  <ohjelma jnro="4" kanava="YLE TV1">
    <nimi>Jane Kennedy, kuolinsyyntutkija</nimi>
    <katsojamaara>29000</katsojamaara>
  </ohjelma>
  <ohjelma jnro="5" kanava="YLE TV1">
    <nimi>Pokka pitää</nimi>
    <katsojamaara>26000</katsojamaara>
  </ohjelma>
  <ohjelma jnro="6" kanava="YLE TV2">
    <nimi>Lassie</nimi>
    <katsojamaara>24000</katsojamaara>
  </ohjelma>
  <ohjelma jnro="7" kanava="YLE TV1">
    <nimi>Vastavirtaan</nimi>
    <katsojamaara>24000</katsojamaara>
  </ohjelma>
  <ohjelma jnro="8" kanava="YLE TV2">
    <nimi>Tipu Touhukas</nimi>
    <katsojamaara>22000</katsojamaara>
  </ohjelma>
  <ohjelma jnro="9" kanava="YLE TV2">
    <nimi>Leikitään: Atte</nimi>
    <katsojamaara>22000</katsojamaara>
  </ohjelma>
  <ohjelma jnro="10" kanava="YLE TV1">
    <nimi>Kettu</nimi>
    <katsojamaara>22000</katsojamaara>
  </ohjelma>
 </ohjelmat>
</toplista>
