<?xml version="1.0" encoding="UTF-8"?>
<Cv xmlns:xsi='http://www.w3.org/2001/XMLSchema-instance'
	xsi:noNamespaceSchemaLocation="cv.xsd">
  <Identification>
    <PersonName>
      <FirstName>Eino</FirstName>
      <Surname>Kämäräinen</Surname>
    </PersonName>
    <ContactInfo>
      <AddressLine>Nauristie 12</AddressLine>
      <PostalCode>04410</PostalCode>
      <Municipality>Järvenpää</Municipality>
      <Country>Finland</Country>
      <Email>einokamarainen@hotmail.com</Email>
    </ContactInfo>
    <Demographics>
      <Birthdate day="26" month="1" year="1975"/>
      <Gender>Male</Gender>
      <Nationality>Finnish</Nationality>
    </Demographics>
  </Identification>
  <WorkExperienceList>
    <WorkExperience>
      <From day="2" month="5" year="2011"/>
      <To day="31" month="12" year="2017"/>
      <Position>Systems Specialist</Position>
      <Activities>Software development</Activities>
      <Employer>Oy Samlink Ab</Employer>
    </WorkExperience>
  </WorkExperienceList>
</Cv> 